{
	"23":[
		2.130482164105922e1,
		-8.737748040163355
	],
	"3":[
		2.233454228184536e1,
		-1.3828637074990233e1
	],
	"1":[
		2.070207661572956e1,
		-1.0346621429968964e1
	],
	"7m":[
		1.991623380820495e1,
		-9.533424978717381
	],
	"31":[
		1.91195346644175e1,
		-8.693973351688973
	],
	"24d":[
		2.4783927366822624e1,
		-1.0015350109765276e1
	],
	"24c":[
		2.6195048015306835e1,
		-1.0954459265213366e1
	],
	"24b":[
		2.3648761223389215e1,
		-8.987319268177387
	],
	"24a":[
		2.4289331201891446e1,
		-8.987675127035683
	],
	"32":[
		2.6880610093464856e1,
		-1.063306596569812e1
	],
	"25":[
		2.7555653566622453e1,
		-1.0578721271864557e1
	],
	"OPAI":[
		2.8904602168346848e1,
		-1.0782904844241225e1
	],
	"V6":[
		1.6995540120228796e1,
		-1.1254281347670844e1
	],
	"V6A":[
		1.794746391865096e1,
		-1.0858241634928724e1
	],
	"MIP":[
		1.901326879425757e1,
		-1.179754636408037e1
	],
	"VIP":[
		1.88008521793186e1,
		-1.2606016043199885e1
	],
	"5":[
		1.9664596296199424e1,
		-1.1079410840104071e1
	],
	"2":[
		2.2172692470109457e1,
		-1.4818399987802069e1
	],
	"PIP":[
		1.7625819661931725e1,
		-1.2841380017684058e1
	],
	"LIP":[
		1.8712679347512662e1,
		-1.3346965619845127e1
	],
	"DP":[
		1.8122613707546563e1,
		-1.43684643233086e1
	],
	"V3A":[
		1.712455817406609e1,
		-1.426021238819981e1
	],
	"TH\/TF":[
		1.8031858348687912e1,
		-2.1667495272534655e1
	],
	"Subiculum":[
		1.8134266975967883e1,
		-2.2815112558391725e1
	],
	"Pro.Striate":[
		1.5501652610260079e1,
		-8.671179611725808
	],
	"Entorhinal":[
		2.0615801210427257e1,
		-2.3523629699925444e1
	],
	"Perirhinal":[
		2.1252213244810083e1,
		-2.270041232951922e1
	],
	"TEO":[
		1.7847579342044533e1,
		-1.9110277878266626e1
	],
	"TEpd":[
		1.9814748684329345e1,
		-1.9992327766771144e1
	],
	"TEpv":[
		1.987632594581244e1,
		-2.140754057047766e1
	],
	"TEad":[
		2.174110078951201e1,
		-2.0818636662983796e1
	],
	"TEav":[
		2.1707038368577237e1,
		-2.1849299784878415e1
	],
	"TEa\/m a":[
		2.160656647653905e1,
		-1.9930786772671617e1
	],
	"TEa\/m p":[
		2.0298392502052767e1,
		-1.912487263773336e1
	],
	"TEOm":[
		1.9161303037566686e1,
		-1.7764984236566345e1
	],
	"V4t":[
		1.871206360810571e1,
		-1.7126202312079194e1
	],
	"MT":[
		1.8856889518450455e1,
		-1.5827037356736113e1
	],
	"AIP":[
		2.0769216844139546e1,
		-1.3922638430485742e1
	],
	"7B":[
		2.1149049820702547e1,
		-1.4600851087716098e1
	],
	"7op":[
		2.11749939241566e1,
		-1.5293958914195601e1
	],
	"STPc":[
		2.0404662179136047e1,
		-1.6462481422951065e1
	],
	"7A":[
		2.005435245175326e1,
		-1.4591781128392366e1
	],
	"MST":[
		1.9494038332938736e1,
		-1.51053556188054e1
	],
	"Tpt":[
		2.0622587270001254e1,
		-1.5641324749432094e1
	],
	"PGa":[
		2.0381278198198896e1,
		-1.7248284443600216e1
	],
	"SII":[
		2.2360599757993498e1,
		-1.5724251723327974e1
	],
	"Ins":[
		2.3279909730766757e1,
		-1.7060392044125237e1
	],
	"Gu":[
		2.4753255170133897e1,
		-1.620091112954008e1
	],
	"STPr":[
		2.24842000794499e1,
		-1.9077038625553357e1
	],
	"PBc":[
		2.170489287200171e1,
		-1.7535808869357098e1
	],
	"PBr":[
		2.291853902366816e1,
		-1.8813194572940297e1
	],
	"LB":[
		2.249400447357525e1,
		-1.8193631951107765e1
	],
	"FST":[
		1.9962501849054444e1,
		-1.7743966901798334e1
	],
	"IPa":[
		2.091975333755902e1,
		-1.881765402779313e1
	],
	"Temp. Pole":[
		2.4521456679566366e1,
		-1.9654949222296445e1
	],
	"Core":[
		2.2896522041090595e1,
		-1.812988569518963e1
	],
	"MB":[
		2.3532647741359277e1,
		-1.8276568350874562e1
	],
	"Parainsula":[
		2.4058811453248097e1,
		-1.8340493611694313e1
	],
	"OPRO":[
		2.5356112697340055e1,
		-1.7523283540212034e1
	],
	"13":[
		2.6572112168049667e1,
		-1.6840641104409514e1
	],
	"F1":[
		2.241899966205154e1,
		-1.2211434711966312e1
	],
	"F3":[
		2.3999653114925103e1,
		-1.0533660208262958e1
	],
	"F4":[
		2.329062141249036e1,
		-1.3274139730545429e1
	],
	"F5":[
		2.422240703843238e1,
		-1.4935929884490092e1
	],
	"F6":[
		2.532193322753886e1,
		-1.1076409474148797e1
	],
	"F7":[
		2.5011913801020427e1,
		-1.1722223482943908e1
	],
	"8B":[
		2.5330203070405084e1,
		-1.2385709319966331e1
	],
	"F2":[
		2.3895434032991954e1,
		-1.1650970317473213e1
	],
	"8m":[
		2.472136328491223e1,
		-1.3367199486634744e1
	],
	"8l":[
		2.5018523146219778e1,
		-1.4164532760006344e1
	],
	"45B":[
		2.513018839350566e1,
		-1.4834312027720916e1
	],
	"44":[
		2.427020603472406e1,
		-1.4116173200771643e1
	],
	"45A":[
		2.5554909296649804e1,
		-1.5161494056419944e1
	],
	"12":[
		2.5938384255248305e1,
		-1.601766765803969e1
	],
	"14":[
		2.8139057442241807e1,
		-1.1196152174984533e1
	],
	"10":[
		2.7226352799547342e1,
		-1.1931806044275898e1
	],
	"8r":[
		2.5338409309048266e1,
		-1.3725317491408706e1
	],
	"9\/46d":[
		2.549973432395776e1,
		-1.2945447615427057e1
	],
	"9\/46v":[
		2.5700699602134552e1,
		-1.4083696606341471e1
	],
	"46d":[
		2.6093698427900165e1,
		-1.3006148068802569e1
	],
	"46v":[
		2.653808718140106e1,
		-1.3458998958730549e1
	],
	"9":[
		2.6142425424659667e1,
		-1.2152881446138178e1
	],
	"11":[
		2.7793027766720872e1,
		-1.2320485694520572e1
	],
	"29\/30":[
		1.895029253909222e1,
		-7.819933167459028
	],
	"STPi":[
		2.1110390953675946e1,
		-1.749274878896812e1
	],
	"ProM":[
		2.4410402798149164e1,
		-1.5719350082829836e1
	],
	"Piriform":[
		2.4862351554497174e1,
		-1.7898801938670907e1
	],
	"V1c":[
		1.548105173281288e1,
		-1.606840922410705e1
	],
	"V1pcLF":[
		1.4239200589671793e1,
		-1.3896773940116523e1
	],
	"V1fpLF":[
		1.4444920417116368e1,
		-1.1623815620242945e1
	],
	"V1pcUF":[
		1.3351890225799409e1,
		-1.773715428793776e1
	],
	"V1fpUF":[
		1.258136013778626e1,
		-1.997454757793186e1
	],
	"V2fpLF":[
		1.6370458272906166e1,
		-9.726132404119289
	],
	"V3fpLF":[
		1.6383232765627525e1,
		-1.334894452533128e1
	],
	"V4fpLF":[
		1.7763675832201454e1,
		-1.4998672264676411e1
	],
	"V2pcLF":[
		1.5657755001308136e1,
		-1.2437316189051323e1
	],
	"V3pcLF":[
		1.6638980493644215e1,
		-1.4644312102623559e1
	],
	"V4pcLF":[
		1.7847145640321365e1,
		-1.648100716978642e1
	],
	"V2c":[
		1.5576708810083053e1,
		-1.7698630814781247e1
	],
	"V3c":[
		1.720514798597606e1,
		-1.6771716706653823e1
	],
	"V4c":[
		1.7692718172566785e1,
		-1.751368474073946e1
	],
	"V2pcUF":[
		1.4291228516849959e1,
		-1.8852994623299193e1
	],
	"V3pcUF":[
		1.5900475201797626e1,
		-1.8948808923976323e1
	],
	"V4pcUF":[
		1.6982501139345015e1,
		-1.8251050782602267e1
	],
	"V2fpUF":[
		1.433450810459478e1,
		-2.0310939718762956e1
	],
	"V3fpUF":[
		1.567864088465802e1,
		-2.050707539069944e1
	],
	"V4fpUF":[
		1.7065284619522895e1,
		-2.0162972784623875e1
	]
}