{
	"V1":[
		[
			1.4486323153160878e1,
			-1.5955709139670642e1
		]
	],
	"V2":[
		[
			1.5049198366817798e1,
			-1.8082626588106862e1
		]
	],
	"23":[
		[
			2.1634064061560398e1,
			-8.823343658155657
		]
	],
	"3":[
		[
			2.148235866035424e1,
			-9.960219261326793
		]
	],
	"1":[
		[
			2.060922593562031e1,
			-1.033234628245665e1
		]
	],
	"7m":[
		[
			1.970328280431473e1,
			-9.692706665864488
		]
	],
	"31":[
		[
			1.9206171927543554e1,
			-8.699609960654005
		]
	],
	"24d":[
		[
			2.4356505014656765e1,
			-9.794465598741345
		]
	],
	"24c":[
		[
			2.6092726460538096e1,
			-1.0849130465248287e1
		]
	],
	"24b":[
		[
			2.352492228247952e1,
			-8.947756343573174
		]
	],
	"24a":[
		[
			2.4289331201925688e1,
			-8.9876751270239
		]
	],
	"32":[
		[
			2.6942362716814372e1,
			-1.0778516919038552e1
		]
	],
	"25":[
		[
			2.75512505872802e1,
			-1.0567634048093005e1
		]
	],
	"OPAI":[
		[
			2.8902711522986316e1,
			-1.078027415161606e1
		]
	],
	"V6":[
		[
			1.6957957345272256e1,
			-1.123702940311064e1
		]
	],
	"V6A":[
		[
			1.788920342028732e1,
			-1.085092355395415e1
		]
	],
	"MIP":[
		[
			1.8946490542807066e1,
			-1.179841439693439e1
		]
	],
	"VIP":[
		[
			1.977697426337426e1,
			-1.2989923851763107e1
		]
	],
	"5":[
		[
			1.9563789813356234e1,
			-1.0861747053206825e1
		]
	],
	"2":[
		[
			2.2153110633313737e1,
			-1.4582067336755006e1
		]
	],
	"PIP":[
		[
			1.7620291208095004e1,
			-1.287780917266563e1
		]
	],
	"LIP":[
		[
			1.9021356002226685e1,
			-1.3462610904379838e1
		]
	],
	"DP":[
		[
			1.814082002314136e1,
			-1.4354150665624447e1
		]
	],
	"V3A":[
		[
			1.6815014470781133e1,
			-1.2611222061755003e1
		]
	],
	"V3":[
		[
			1.5618186084459587e1,
			-2.0468259104994058e1
		]
	],
	"V4":[
		[
			1.781560048164077e1,
			-1.7647725044876037e1
		]
	],
	"TH\/TF":[
		[
			1.7950132144884986e1,
			-2.159798312979076e1
		]
	],
	"SUBI":[
		[
			1.809969945302916e1,
			-2.2771958101368437e1
		]
	],
	"Pro.St.":[
		[
			1.553789782805474e1,
			-8.650116834389769
		]
	],
	"ENTO":[
		[
			2.062233223725376e1,
			-2.350831486733617e1
		]
	],
	"PERI":[
		[
			2.119018858592463e1,
			-2.2656986028034176e1
		]
	],
	"TEO":[
		[
			1.789381561419421e1,
			-1.914493253924035e1
		]
	],
	"TEpd":[
		[
			1.972999186268313e1,
			-1.9930944213745533e1
		]
	],
	"TEpv":[
		[
			2.0006503490601123e1,
			-2.1424530162286434e1
		]
	],
	"TEad":[
		[
			2.1487033276754214e1,
			-2.074177881304353e1
		]
	],
	"TEav":[
		[
			2.1617541572001414e1,
			-2.1839576547595946e1
		]
	],
	"TEa\/ma":[
		[
			2.173258886997356e1,
			-1.9957241961636697e1
		]
	],
	"TEa\/mp":[
		[
			2.02875921622174e1,
			-1.9112427041085855e1
		]
	],
	"TEOm":[
		[
			1.9215463640926927e1,
			-1.783487794026411e1
		]
	],
	"V4t":[
		[
			1.8291052894075996e1,
			-1.6028007794389474e1
		]
	],
	"MT":[
		[
			1.9067668440554538e1,
			-1.6364883868337238e1
		]
	],
	"AIP":[
		[
			2.0743647454362343e1,
			-1.381637342182002e1
		]
	],
	"7B":[
		[
			2.1183413199380706e1,
			-1.4589308312154222e1
		]
	],
	"7op":[
		[
			2.135834611524973e1,
			-1.538346547576039e1
		]
	],
	"STPc":[
		[
			2.0515644696677178e1,
			-1.664453660910658e1
		]
	],
	"7A":[
		[
			2.0012069809686526e1,
			-1.458011231264341e1
		]
	],
	"MST":[
		[
			1.9496687141230872e1,
			-1.5137842092098655e1
		]
	],
	"TPt":[
		[
			2.0602287136292045e1,
			-1.5627312061531383e1
		]
	],
	"PGa":[
		[
			2.049914785094566e1,
			-1.7459769452933312e1
		]
	],
	"SII":[
		[
			2.2354490066285532e1,
			-1.569026833140786e1
		]
	],
	"INSULA":[
		[
			2.307850015683644e1,
			-1.7027317387717016e1
		]
	],
	"Gu":[
		[
			2.47394153521519e1,
			-1.6206582095349813e1
		]
	],
	"STPr":[
		[
			2.27388059867595e1,
			-1.9299639648453688e1
		]
	],
	"PBc":[
		[
			2.1683071882780972e1,
			-1.751249040141958e1
		]
	],
	"PBr":[
		[
			2.2918539023696827e1,
			-1.881319457307022e1
		]
	],
	"LB":[
		[
			2.246696271366327e1,
			-1.8161057633869603e1
		]
	],
	"FST":[
		[
			2.0101245565670858e1,
			-1.7964312040717807e1
		]
	],
	"IPa":[
		[
			2.0927987964311594e1,
			-1.886164410912109e1
		]
	],
	"POLE":[
		[
			2.460347938056718e1,
			-1.984604368921793e1
		]
	],
	"CORE":[
		[
			2.3112777866424167e1,
			-1.827991017613068e1
		]
	],
	"MB":[
		[
			2.3703279380739893e1,
			-1.854878193000901e1
		]
	],
	"Pi":[
		[
			2.3958723280369288e1,
			-1.8240823821893013e1
		]
	],
	"OPRO":[
		[
			2.5437212466390243e1,
			-1.750789525241028e1
		]
	],
	"13":[
		[
			2.6496681563100367e1,
			-1.6904064566048653e1
		]
	],
	"F1":[
		[
			2.2419375935859936e1,
			-1.2379676869649577e1
		]
	],
	"F3":[
		[
			2.3979860195861583e1,
			-1.0511562107697934e1
		]
	],
	"F4":[
		[
			2.3291679272710866e1,
			-1.3285767361021117e1
		]
	],
	"F5":[
		[
			2.4212554629879566e1,
			-1.4922365507466733e1
		]
	],
	"F6":[
		[
			2.536547106765884e1,
			-1.1106683359272813e1
		]
	],
	"F7":[
		[
			2.501406824143018e1,
			-1.1691749921072349e1
		]
	],
	"8B":[
		[
			2.5816026174571444e1,
			-1.160261981506556e1
		]
	],
	"F2":[
		[
			2.3802264717625327e1,
			-1.1646199491515993e1
		]
	],
	"8m":[
		[
			2.4727531040193064e1,
			-1.326003869343236e1
		]
	],
	"8l":[
		[
			2.495679814492438e1,
			-1.408710248048191e1
		]
	],
	"45B":[
		[
			2.5075573058967052e1,
			-1.4817860170662698e1
		]
	],
	"44":[
		[
			2.423949145275673e1,
			-1.4143267678532274e1
		]
	],
	"45A":[
		[
			2.5510020926416928e1,
			-1.5170245343008006e1
		]
	],
	"12":[
		[
			2.5923339550198765e1,
			-1.6062599821226307e1
		]
	],
	"14":[
		[
			2.818390162392675e1,
			-1.109656486801117e1
		]
	],
	"10":[
		[
			2.7229122376555804e1,
			-1.1935192372088657e1
		]
	],
	"8r":[
		[
			2.5319847427554592e1,
			-1.3711311474680084e1
		]
	],
	"9\/46d":[
		[
			2.5468050187814416e1,
			-1.2944830871804605e1
		]
	],
	"9\/46v":[
		[
			2.5740615643500885e1,
			-1.4128171785778884e1
		]
	],
	"46d":[
		[
			2.6280864666045357e1,
			-1.282396250697297e1
		]
	],
	"46v":[
		[
			2.6606194168627642e1,
			-1.341864916081865e1
		]
	],
	"9":[
		[
			2.6161282410304434e1,
			-1.213941838543218e1
		]
	],
	"11":[
		[
			2.7045856021100267e1,
			-1.6415478296955605e1
		],
		[
			2.771522141088302e1,
			-1.2366280386263252e1
		]
	],
	"29\/30":[
		[
			1.9233005588684023e1,
			-7.784975875488585
		]
	],
	"STPi":[
		[
			2.1061041867454538e1,
			-1.7399010235131673e1
		]
	],
	"ProM":[
		[
			2.44092061040451e1,
			-1.5719944508656749e1
		]
	],
	"Pir":[
		[
			2.4864894924304622e1,
			-1.7912006271426623e1
		]
	]
}