{
   "LM": [
      18.07029397181537,
      22.99075269754713
   ],
   "ILA": [
      10.861909623331087,
      27.131640073451507
   ],
   "TEa": [
      17.032523193710002,
      20.855134558306002
   ],
   "AUDpo": [
      17.54902091890058,
      21.862068783161696
   ],
   "VISC": [
      15.442951846686702,
      20.672608543103845
   ],
   "SSp-tr": [
      15.266962546479597,
      25.17517661426816
   ],
   "TEp": [
      17.84063178709869,
      21.888909550098145
   ],
   "MOs": [
      11.656063786006754,
      25.55348239957974
   ],
   "DP": [
      17.51666504491509,
      22.52715733963143
   ],
   "AUDv": [
      16.984494165439255,
      21.302528259766074
   ],
   "ACAd": [
      12.598868478105016,
      26.342155980049224
   ],
   "AUDp": [
      16.847946784909226,
      21.864494143081814
   ],
   "V1": [
      18.252005846829807,
      24.042912302220124
   ],
   "PORa": [
      18.1694305600515,
      21.927341428729875
   ],
   "PERI": [
      17.49705986242136,
      20.75190531579319
   ],
   "AIv": [
      12.595670720507643,
      20.236220027380945
   ],
   "POR": [
      18.410035554600725,
      22.267462809527963
   ],
   "AIp": [
      15.309194638155475,
      19.9376470469895
   ],
   "LI": [
      17.969733832781635,
      22.630139729151015
   ],
   "ACAv": [
      13.009761448433993,
      27.01668082834992
   ],
   "AUDd": [
      16.61279929279252,
      22.21911609056356
   ],
   "ECT": [
      17.848484132752528,
      21.322860509951692
   ],
   "RL": [
      16.79777860318139,
      24.025499381128075
   ],
   "AId": [
      11.242869281650805,
      21.80536716458932
   ],
   "LLA": [
      17.313294102968356,
      22.89589581725976
   ],
   "PL": [
      10.03003085429088,
      26.048093422291906
   ],
   "PM": [
      17.37247532107004,
      25.15497994450368
   ],
   "A": [
      16.064802374492935,
      24.88831122556979
   ],
   "SSp-ll": [
      14.387789224926882,
      25.16731661462768
   ],
   "GU": [
      12.7606265264234,
      21.28957056924705
   ],
   "SSp-lj": [
      12.842897331913985,
      23.42020253366517
   ],
   "SSp-un": [
      14.44226374023631,
      24.30062597618488
   ],
   "SSp-ul": [
      13.516992386778535,
      24.4293100040592
   ],
   "MOp": [
      12.224055046315707,
      24.417416253085104
   ],
   "AM": [
      16.088185507753437,
      25.30502759756186
   ],
   "AL": [
      17.298317990011622,
      23.32549824845482
   ],
   "SSs": [
      14.978246795532574,
      21.872992800946328
   ],
   "RSPv": [
      16.777650994353678,
      26.643214979362824
   ],
   "P": [
      19.08465264829347,
      22.585229357449037
   ],
   "FRP": [
      9.894128783228435,
      24.184712034617455
   ],
   "ORBm": [
      9.357274834108253,
      24.918970409641915
   ],
   "ORBl": [
      10.043724384712982,
      22.110787625217718
   ],
   "SSp-nm": [
      12.285078751591817,
      22.452769969033973
   ],
   "RSPd": [
      16.393574397558012,
      26.262758775362215
   ],
   "MM": [
      16.675299738046004,
      25.463811090489664
   ],
   "SSp-bfd": [
      14.884643981154875,
      23.247380533763604
   ],
   "RSPagl": [
      16.30447821458521,
      25.96673550412366
   ]
}